Confidence_Threshold,Margin_Threshold,CNN_Fusion_Alpha,Total_Corrected,Angry_Disgust,Fear_Sad_Neutral,Fear_Surprise,Sad_Neutral,Feature_Type,Model,Dataset,Accuracy,Macro_Precision,Macro_Recall,Macro_F1,Weighted_Precision,Weighted_Recall,Weighted_F1
0.45,0.05,0.0,401,3,352,46,0,Step1_Guided_Confusion_Correction,Specialist_ML_Probability_Correction,Validation_Tuning,0.6432597463597933,0.6049149910559688,0.5706851011214334,0.5800839775954902,0.6397030915719266,0.6432597463597933,0.6404139750192491
0.45,0.05,0.25,401,3,352,46,0,Step1_Guided_Confusion_Correction,Specialist_ML_Probability_Correction,Validation_Tuning,0.6444340065758573,0.6059757835881598,0.571695531258259,0.5810987370915687,0.6408864851410598,0.6444340065758573,0.6415706455297466
0.45,0.05,0.5,401,3,352,46,0,Step1_Guided_Confusion_Correction,Specialist_ML_Probability_Correction,Validation_Tuning,0.64466885861907,0.6063637539668608,0.5718578762124109,0.5813284724439057,0.6412055111435148,0.64466885861907,0.6417961640062079
0.45,0.05,0.75,401,3,352,46,0,Step1_Guided_Confusion_Correction,Specialist_ML_Probability_Correction,Validation_Tuning,0.6456082667919211,0.6075691620051867,0.5727115233365728,0.582172008157578,0.6423660776537388,0.6456082667919211,0.6426553333184043
0.45,0.05,1.0,401,3,352,46,0,Step1_Guided_Confusion_Correction,Specialist_ML_Probability_Correction,Validation_Tuning,0.6456082667919211,0.6074196788172636,0.5725660752290562,0.5817854096823639,0.64230782582805,0.6456082667919211,0.6423865116249469
0.45,0.1,0.0,441,4,385,52,0,Step1_Guided_Confusion_Correction,Specialist_ML_Probability_Correction,Validation_Tuning,0.6420854861437294,0.6040195063944684,0.569909687689347,0.5792592663983378,0.6385410210317392,0.6420854861437294,0.6392610295869564
0.45,0.1,0.25,441,4,385,52,0,Step1_Guided_Confusion_Correction,Specialist_ML_Probability_Correction,Validation_Tuning,0.6432597463597933,0.6050813809713722,0.5709201178261725,0.5802753806661807,0.6397262320533685,0.6432597463597933,0.6404194737979096
0.45,0.1,0.5,441,4,385,52,0,Step1_Guided_Confusion_Correction,Specialist_ML_Probability_Correction,Validation_Tuning,0.6439643024894317,0.605862414982812,0.5714715338301541,0.5808878590171686,0.6404933509547568,0.6439643024894317,0.6410949386836406
0.45,0.1,0.75,441,4,385,52,0,Step1_Guided_Confusion_Correction,Specialist_ML_Probability_Correction,Validation_Tuning,0.6449037106622828,0.6070657013614349,0.5723657144373115,0.5817785204617605,0.6416470009626571,0.6449037106622828,0.6419804561101589
0.45,0.1,1.0,441,4,385,52,0,Step1_Guided_Confusion_Correction,Specialist_ML_Probability_Correction,Validation_Tuning,0.6456082667919211,0.6074196788172636,0.5725660752290562,0.5817854096823639,0.64230782582805,0.6456082667919211,0.6423865116249469
0.45,0.15,0.0,492,4,424,64,0,Step1_Guided_Confusion_Correction,Specialist_ML_Probability_Correction,Validation_Tuning,0.6430248943165806,0.6049834276751748,0.5709156846596802,0.58024157909098,0.6394657828033903,0.6430248943165806,0.6401908216154573
0.45,0.15,0.25,492,4,424,64,0,Step1_Guided_Confusion_Correction,Specialist_ML_Probability_Correction,Validation_Tuning,0.6439643024894317,0.6058160766159195,0.5716938267593398,0.5810174633371323,0.6404023763573337,0.6439643024894317,0.6410973622238562
0.45,0.15,0.5,492,4,424,64,0,Step1_Guided_Confusion_Correction,Specialist_ML_Probability_Correction,Validation_Tuning,0.6441991545326444,0.60622772905648,0.5718506097720032,0.5812460235011645,0.64072955294314,0.6441991545326444,0.6413158193752974
0.45,0.15,0.75,492,4,424,64,0,Step1_Guided_Confusion_Correction,Specialist_ML_Probability_Correction,Validation_Tuning,0.6451385627054955,0.6074407110461745,0.5727741999791792,0.582168035708522,0.6418701446783887,0.6451385627054955,0.6422075173656441
0.45,0.15,1.0,492,4,424,64,0,Step1_Guided_Confusion_Correction,Specialist_ML_Probability_Correction,Validation_Tuning,0.6456082667919211,0.6074196788172636,0.5725660752290562,0.5817854096823639,0.64230782582805,0.6456082667919211,0.6423865116249469
0.45,0.2,0.0,562,4,489,69,0,Step1_Guided_Confusion_Correction,Specialist_ML_Probability_Correction,Validation_Tuning,0.6418506341005167,0.6040714473182397,0.5700541534996988,0.5793540144492485,0.6383612558935204,0.6418506341005167,0.6390540954519353
0.45,0.2,0.25,562,4,489,69,0,Step1_Guided_Confusion_Correction,Specialist_ML_Probability_Correction,Validation_Tuning,0.6427900422733678,0.6049065774932861,0.5708322955993582,0.5801312562684933,0.639301112100155,0.6427900422733678,0.6399623373288706
0.45,0.2,0.5,562,4,489,69,0,Step1_Guided_Confusion_Correction,Specialist_ML_Probability_Correction,Validation_Tuning,0.6430248943165806,0.6053228530863669,0.5709890786120217,0.5803624642579889,0.6396343299141695,0.6430248943165806,0.6401840007071419
0.45,0.2,0.75,562,4,489,69,0,Step1_Guided_Confusion_Correction,Specialist_ML_Probability_Correction,Validation_Tuning,0.6444340065758573,0.6069967684180236,0.5721933743751789,0.5816628807598311,0.6412495973307413,0.6444340065758573,0.6415493908545893
0.45,0.2,1.0,562,4,489,69,0,Step1_Guided_Confusion_Correction,Specialist_ML_Probability_Correction,Validation_Tuning,0.6456082667919211,0.6074196788172636,0.5725660752290562,0.5817854096823639,0.64230782582805,0.6456082667919211,0.6423865116249469
0.45,0.3,0.0,775,5,671,99,0,Step1_Guided_Confusion_Correction,Specialist_ML_Probability_Correction,Validation_Tuning,0.6418506341005167,0.6046796929539953,0.5704849358807601,0.580083473977557,0.6387722051885155,0.6418506341005167,0.6394716329589006
0.45,0.3,0.25,775,5,671,99,0,Step1_Guided_Confusion_Correction,Specialist_ML_Probability_Correction,Validation_Tuning,0.6427900422733678,0.6057090033880618,0.5712686399219079,0.5809591593725301,0.6397979056776085,0.6427900422733678,0.6404179772186132
0.45,0.3,0.5,775,5,671,99,0,Step1_Guided_Confusion_Correction,Specialist_ML_Probability_Correction,Validation_Tuning,0.6444340065758573,0.6070835867956001,0.5725960869533878,0.5822031137393857,0.6413107162199133,0.6444340065758573,0.6418847088923941
0.45,0.3,0.75,775,5,671,99,0,Step1_Guided_Confusion_Correction,Specialist_ML_Probability_Correction,Validation_Tuning,0.6449037106622828,0.6076235819373899,0.572657950449511,0.5822133342135043,0.6418156926714547,0.6449037106622828,0.6420692219744322
0.45,0.3,1.0,775,5,671,99,0,Step1_Guided_Confusion_Correction,Specialist_ML_Probability_Correction,Validation_Tuning,0.6456082667919211,0.6074196788172636,0.5725660752290562,0.5817854096823639,0.64230782582805,0.6456082667919211,0.6423865116249469
0.5,0.05,0.0,551,3,486,62,0,Step1_Guided_Confusion_Correction,Specialist_ML_Probability_Correction,Validation_Tuning,0.6418506341005167,0.6040237101104932,0.5698339716426742,0.5793214916475259,0.6384645088843278,0.6418506341005167,0.639203696030105
0.5,0.05,0.25,551,3,486,62,0,Step1_Guided_Confusion_Correction,Specialist_ML_Probability_Correction,Validation_Tuning,0.6427900422733678,0.6048781948592439,0.5706121137423337,0.5801048987707315,0.639406760316605,0.6427900422733678,0.6401094286647807
0.5,0.05,0.5,551,3,486,62,0,Step1_Guided_Confusion_Correction,Specialist_ML_Probability_Correction,Validation_Tuning,0.6439643024894317,0.6058461938137406,0.5715854612654911,0.5809853907931524,0.6404792190919598,0.6439643024894317,0.6411398390056715
0.5,0.05,0.75,551,3,486,62,0,Step1_Guided_Confusion_Correction,Specialist_ML_Probability_Correction,Validation_Tuning,0.6449037106622828,0.6071420364819159,0.5723363048372928,0.5817502022051421,0.641678731325332,0.6449037106622828,0.6419414005612595
0.5,0.05,1.0,551,3,486,62,0,Step1_Guided_Confusion_Correction,Specialist_ML_Probability_Correction,Validation_Tuning,0.6456082667919211,0.6074196788172636,0.5725660752290562,0.5817854096823639,0.64230782582805,0.6456082667919211,0.6423865116249469
0.5,0.1,0.0,561,4,492,65,0,Step1_Guided_Confusion_Correction,Specialist_ML_Probability_Correction,Validation_Tuning,0.6416157820573039,0.6039058759714122,0.5697744302408825,0.5792544164053355,0.6382327368639462,0.6416157820573039,0.6389936436424918
0.5,0.1,0.25,561,4,492,65,0,Step1_Guided_Confusion_Correction,Specialist_ML_Probability_Correction,Validation_Tuning,0.642555190230155,0.6047584433194697,0.5705525723405419,0.580039055387846,0.6391733135567939,0.642555190230155,0.6399008966248888
0.5,0.1,0.5,561,4,492,65,0,Step1_Guided_Confusion_Correction,Specialist_ML_Probability_Correction,Validation_Tuning,0.6437294504462189,0.6057258551475603,0.5715259198636994,0.5809238781610772,0.6402459457574277,0.6437294504462189,0.6409363636672235
0.5,0.1,0.75,561,4,492,65,0,Step1_Guided_Confusion_Correction,Specialist_ML_Probability_Correction,Validation_Tuning,0.64466885861907,0.606998916242274,0.5722767634355009,0.5816879011055922,0.6414229132651963,0.64466885861907,0.6417377563181108
0.5,0.1,1.0,561,4,492,65,0,Step1_Guided_Confusion_Correction,Specialist_ML_Probability_Correction,Validation_Tuning,0.6456082667919211,0.6074196788172636,0.5725660752290562,0.5817854096823639,0.64230782582805,0.6456082667919211,0.6423865116249469
0.5,0.15,0.0,586,4,509,73,0,Step1_Guided_Confusion_Correction,Specialist_ML_Probability_Correction,Validation_Tuning,0.6423203381869422,0.6045871927283077,0.5703663797278596,0.5798983204791534,0.6389671594382752,0.6423203381869422,0.6397178788857941
0.5,0.15,0.25,586,4,509,73,0,Step1_Guided_Confusion_Correction,Specialist_ML_Probability_Correction,Validation_Tuning,0.6430248943165806,0.6052109033042472,0.5709122337903528,0.5804442200322286,0.6396592386260594,0.6430248943165806,0.6403746484821424
0.5,0.15,0.5,586,4,509,73,0,Step1_Guided_Confusion_Correction,Specialist_ML_Probability_Correction,Validation_Tuning,0.6437294504462189,0.6057555693079404,0.5714909483221923,0.5809288843478887,0.6402476248791901,0.6437294504462189,0.6409420986267442
0.5,0.15,0.75,586,4,509,73,0,Step1_Guided_Confusion_Correction,Specialist_ML_Probability_Correction,Validation_Tuning,0.6449037106622828,0.6073290394057306,0.5725768834835201,0.5820221554478789,0.6416502729284143,0.6449037106622828,0.6419860344071175
0.5,0.15,1.0,586,4,509,73,0,Step1_Guided_Confusion_Correction,Specialist_ML_Probability_Correction,Validation_Tuning,0.6456082667919211,0.6074196788172636,0.5725660752290562,0.5817854096823639,0.64230782582805,0.6456082667919211,0.6423865116249469
0.5,0.2,0.0,625,4,544,77,0,Step1_Guided_Confusion_Correction,Specialist_ML_Probability_Correction,Validation_Tuning,0.6413809300140911,0.6038252464500039,0.5696616315805416,0.5791175766038832,0.6380644069058033,0.6413809300140911,0.6387527232909613
0.5,0.2,0.25,625,4,544,77,0,Step1_Guided_Confusion_Correction,Specialist_ML_Probability_Correction,Validation_Tuning,0.6420854861437294,0.6044611007974791,0.5702074856430349,0.5796655729712015,0.6387701809680103,0.6420854861437294,0.6394120193630016
0.5,0.2,0.5,625,4,544,77,0,Step1_Guided_Confusion_Correction,Specialist_ML_Probability_Correction,Validation_Tuning,0.6427900422733678,0.6050179755243398,0.5707862001748742,0.5801505707635591,0.6393722795601449,0.6427900422733678,0.6399802809600371
0.5,0.2,0.75,625,4,544,77,0,Step1_Guided_Confusion_Correction,Specialist_ML_Probability_Correction,Validation_Tuning,0.6444340065758573,0.6070252114124796,0.5721933743751789,0.581664811881672,0.6412554676493813,0.6444340065758573,0.6415393312186259
0.5,0.2,1.0,625,4,544,77,0,Step1_Guided_Confusion_Correction,Specialist_ML_Probability_Correction,Validation_Tuning,0.6456082667919211,0.6074196788172636,0.5725660752290562,0.5817854096823639,0.64230782582805,0.6456082667919211,0.6423865116249469
0.5,0.3,0.0,779,5,674,100,0,Step1_Guided_Confusion_Correction,Specialist_ML_Probability_Correction,Validation_Tuning,0.6418506341005167,0.6046796929539953,0.5704849358807601,0.580083473977557,0.6387722051885155,0.6418506341005167,0.6394716329589006
0.5,0.3,0.25,779,5,674,100,0,Step1_Guided_Confusion_Correction,Specialist_ML_Probability_Correction,Validation_Tuning,0.6427900422733678,0.6057090033880618,0.5712686399219079,0.5809591593725301,0.6397979056776085,0.6427900422733678,0.6404179772186132
0.5,0.3,0.5,779,5,674,100,0,Step1_Guided_Confusion_Correction,Specialist_ML_Probability_Correction,Validation_Tuning,0.6444340065758573,0.6070835867956001,0.5725960869533878,0.5822031137393857,0.6413107162199133,0.6444340065758573,0.6418847088923941
0.5,0.3,0.75,779,5,674,100,0,Step1_Guided_Confusion_Correction,Specialist_ML_Probability_Correction,Validation_Tuning,0.6449037106622828,0.6076235819373899,0.572657950449511,0.5822133342135043,0.6418156926714547,0.6449037106622828,0.6420692219744322
0.5,0.3,1.0,779,5,674,100,0,Step1_Guided_Confusion_Correction,Specialist_ML_Probability_Correction,Validation_Tuning,0.6456082667919211,0.6074196788172636,0.5725660752290562,0.5817854096823639,0.64230782582805,0.6456082667919211,0.6423865116249469
0.55,0.05,0.0,735,4,647,84,0,Step1_Guided_Confusion_Correction,Specialist_ML_Probability_Correction,Validation_Tuning,0.6411460779708783,0.6035065473247033,0.5694992866263897,0.5789361329055118,0.6378156803391286,0.6411460779708783,0.6385741048144515
0.55,0.05,0.25,735,4,647,84,0,Step1_Guided_Confusion_Correction,Specialist_ML_Probability_Correction,Validation_Tuning,0.6418506341005167,0.604183898931159,0.570045140688883,0.5794959028521655,0.6385296154056522,0.6418506341005167,0.6392278783411547
0.55,0.05,0.5,735,4,647,84,0,Step1_Guided_Confusion_Correction,Specialist_ML_Probability_Correction,Validation_Tuning,0.6434945984030062,0.6056778288906413,0.5714425308033773,0.5808552243237627,0.6400766405706609,0.6434945984030062,0.6407312954441369
0.55,0.05,0.75,735,4,647,84,0,Step1_Guided_Confusion_Correction,Specialist_ML_Probability_Correction,Validation_Tuning,0.6441991545326444,0.6065757513836292,0.5719555243965244,0.5812965315723414,0.6409059018309172,0.6441991545326444,0.641227649409771
0.55,0.05,1.0,735,4,647,84,0,Step1_Guided_Confusion_Correction,Specialist_ML_Probability_Correction,Validation_Tuning,0.6456082667919211,0.6074196788172636,0.5725660752290562,0.5817854096823639,0.64230782582805,0.6456082667919211,0.6423865116249469
0.55,0.1,0.0,735,4,647,84,0,Step1_Guided_Confusion_Correction,Specialist_ML_Probability_Correction,Validation_Tuning,0.6411460779708783,0.6035065473247033,0.5694992866263897,0.5789361329055118,0.6378156803391286,0.6411460779708783,0.6385741048144515
0.55,0.1,0.25,735,4,647,84,0,Step1_Guided_Confusion_Correction,Specialist_ML_Probability_Correction,Validation_Tuning,0.6418506341005167,0.604183898931159,0.570045140688883,0.5794959028521655,0.6385296154056522,0.6418506341005167,0.6392278783411547
0.55,0.1,0.5,735,4,647,84,0,Step1_Guided_Confusion_Correction,Specialist_ML_Probability_Correction,Validation_Tuning,0.6434945984030062,0.6056778288906413,0.5714425308033773,0.5808552243237627,0.6400766405706609,0.6434945984030062,0.6407312954441369
0.55,0.1,0.75,735,4,647,84,0,Step1_Guided_Confusion_Correction,Specialist_ML_Probability_Correction,Validation_Tuning,0.6441991545326444,0.6065757513836292,0.5719555243965244,0.5812965315723414,0.6409059018309172,0.6441991545326444,0.641227649409771
0.55,0.1,1.0,735,4,647,84,0,Step1_Guided_Confusion_Correction,Specialist_ML_Probability_Correction,Validation_Tuning,0.6456082667919211,0.6074196788172636,0.5725660752290562,0.5817854096823639,0.64230782582805,0.6456082667919211,0.6423865116249469
0.55,0.15,0.0,739,4,648,87,0,Step1_Guided_Confusion_Correction,Specialist_ML_Probability_Correction,Validation_Tuning,0.6411460779708783,0.603525127804281,0.5693964830740296,0.5789023402732506,0.6378685885159668,0.6411460779708783,0.6386061216201504
0.55,0.15,0.25,739,4,648,87,0,Step1_Guided_Confusion_Correction,Specialist_ML_Probability_Correction,Validation_Tuning,0.6418506341005167,0.6042019850902621,0.5699423371365228,0.5794614095519318,0.6385819352273554,0.6418506341005167,0.639259061190704
0.55,0.15,0.5,739,4,648,87,0,Step1_Guided_Confusion_Correction,Specialist_ML_Probability_Correction,Validation_Tuning,0.6432597463597933,0.6054783500563835,0.571142410755358,0.5806226840695398,0.6398921007197217,0.6432597463597933,0.6405366114369626
0.55,0.15,0.75,739,4,648,87,0,Step1_Guided_Confusion_Correction,Specialist_ML_Probability_Correction,Validation_Tuning,0.6444340065758573,0.6069041130862464,0.5721878124336905,0.5815956439863001,0.6411934757173496,0.6444340065758573,0.641505475454114
0.55,0.15,1.0,739,4,648,87,0,Step1_Guided_Confusion_Correction,Specialist_ML_Probability_Correction,Validation_Tuning,0.6456082667919211,0.6074196788172636,0.5725660752290562,0.5817854096823639,0.64230782582805,0.6456082667919211,0.6423865116249469
0.55,0.2,0.0,754,4,660,90,0,Step1_Guided_Confusion_Correction,Specialist_ML_Probability_Correction,Validation_Tuning,0.6413809300140911,0.6037756858242449,0.569737136605044,0.5791887521397915,0.6380883083437263,0.6413809300140911,0.6388269349679165
0.55,0.2,0.25,754,4,660,90,0,Step1_Guided_Confusion_Correction,Specialist_ML_Probability_Correction,Validation_Tuning,0.6420854861437294,0.6044561638888949,0.5702829906675374,0.5797495081465438,0.6388054189219389,0.6420854861437294,0.639481633127314
0.55,0.2,0.5,754,4,660,90,0,Step1_Guided_Confusion_Correction,Specialist_ML_Probability_Correction,Validation_Tuning,0.6432597463597933,0.605510016824834,0.5712507762492065,0.5806744623329979,0.6398743022705092,0.6432597463597933,0.6405116066924336
0.55,0.2,0.75,754,4,660,90,0,Step1_Guided_Confusion_Correction,Specialist_ML_Probability_Correction,Validation_Tuning,0.6444340065758573,0.6069661634290637,0.5721933743751789,0.5816152351594003,0.6412403487269613,0.6444340065758573,0.6415138442813068
0.55,0.2,1.0,754,4,660,90,0,Step1_Guided_Confusion_Correction,Specialist_ML_Probability_Correction,Validation_Tuning,0.6456082667919211,0.6074196788172636,0.5725660752290562,0.5817854096823639,0.64230782582805,0.6456082667919211,0.6423865116249469
0.55,0.3,0.0,824,5,715,104,0,Step1_Guided_Confusion_Correction,Specialist_ML_Probability_Correction,Validation_Tuning,0.6418506341005167,0.604745054671023,0.5704849358807601,0.5801297404494639,0.6387864369653072,0.6418506341005167,0.6394902670109072
0.55,0.3,0.25,824,5,715,104,0,Step1_Guided_Confusion_Correction,Specialist_ML_Probability_Correction,Validation_Tuning,0.6430248943165806,0.6059679821736327,0.5714603944760785,0.5811931462589138,0.6400237102908519,0.6430248943165806,0.6406545795718098
0.55,0.3,0.5,824,5,715,104,0,Step1_Guided_Confusion_Correction,Specialist_ML_Probability_Correction,Validation_Tuning,0.64466885861907,0.6073408153594582,0.5727878415075586,0.5824367112942043,0.6415345080301207,0.64466885861907,0.6421207961503468
0.55,0.3,0.75,824,5,715,104,0,Step1_Guided_Confusion_Correction,Specialist_ML_Probability_Correction,Validation_Tuning,0.6449037106622828,0.6076235819373899,0.572657950449511,0.5822133342135043,0.6418156926714547,0.6449037106622828,0.6420692219744322
0.55,0.3,1.0,824,5,715,104,0,Step1_Guided_Confusion_Correction,Specialist_ML_Probability_Correction,Validation_Tuning,0.6456082667919211,0.6074196788172636,0.5725660752290562,0.5817854096823639,0.64230782582805,0.6456082667919211,0.6423865116249469
0.6,0.05,0.0,895,7,778,110,0,Step1_Guided_Confusion_Correction,Specialist_ML_Probability_Correction,Validation_Tuning,0.6399718177548145,0.6028317320680581,0.5683518526706914,0.5781700707998075,0.637026330672573,0.6399718177548145,0.6377290452935246
0.6,0.05,0.25,895,7,778,110,0,Step1_Guided_Confusion_Correction,Specialist_ML_Probability_Correction,Validation_Tuning,0.6409112259276656,0.6035909264072222,0.5690600516873368,0.5788478670686589,0.63790764298934,0.6409112259276656,0.6385823816842079
0.6,0.05,0.5,895,7,778,110,0,Step1_Guided_Confusion_Correction,Specialist_ML_Probability_Correction,Validation_Tuning,0.6420854861437294,0.6045617091300508,0.5699634561274802,0.5796746831600803,0.6389448073606034,0.6420854861437294,0.63957282893145
0.6,0.05,0.75,895,7,778,110,0,Step1_Guided_Confusion_Correction,Specialist_ML_Probability_Correction,Validation_Tuning,0.6444340065758573,0.6069661634290637,0.5721933743751789,0.5816152351594003,0.6412403487269613,0.6444340065758573,0.6415138442813068
0.6,0.05,1.0,895,7,778,110,0,Step1_Guided_Confusion_Correction,Specialist_ML_Probability_Correction,Validation_Tuning,0.6456082667919211,0.6074196788172636,0.5725660752290562,0.5817854096823639,0.64230782582805,0.6456082667919211,0.6423865116249469
0.6,0.1,0.0,895,7,778,110,0,Step1_Guided_Confusion_Correction,Specialist_ML_Probability_Correction,Validation_Tuning,0.6399718177548145,0.6028317320680581,0.5683518526706914,0.5781700707998075,0.637026330672573,0.6399718177548145,0.6377290452935246
0.6,0.1,0.25,895,7,778,110,0,Step1_Guided_Confusion_Correction,Specialist_ML_Probability_Correction,Validation_Tuning,0.6409112259276656,0.6035909264072222,0.5690600516873368,0.5788478670686589,0.63790764298934,0.6409112259276656,0.6385823816842079
0.6,0.1,0.5,895,7,778,110,0,Step1_Guided_Confusion_Correction,Specialist_ML_Probability_Correction,Validation_Tuning,0.6420854861437294,0.6045617091300508,0.5699634561274802,0.5796746831600803,0.6389448073606034,0.6420854861437294,0.63957282893145
0.6,0.1,0.75,895,7,778,110,0,Step1_Guided_Confusion_Correction,Specialist_ML_Probability_Correction,Validation_Tuning,0.6444340065758573,0.6069661634290637,0.5721933743751789,0.5816152351594003,0.6412403487269613,0.6444340065758573,0.6415138442813068
0.6,0.1,1.0,895,7,778,110,0,Step1_Guided_Confusion_Correction,Specialist_ML_Probability_Correction,Validation_Tuning,0.6456082667919211,0.6074196788172636,0.5725660752290562,0.5817854096823639,0.64230782582805,0.6456082667919211,0.6423865116249469
0.6,0.15,0.0,895,7,778,110,0,Step1_Guided_Confusion_Correction,Specialist_ML_Probability_Correction,Validation_Tuning,0.6399718177548145,0.6028317320680581,0.5683518526706914,0.5781700707998075,0.637026330672573,0.6399718177548145,0.6377290452935246
0.6,0.15,0.25,895,7,778,110,0,Step1_Guided_Confusion_Correction,Specialist_ML_Probability_Correction,Validation_Tuning,0.6409112259276656,0.6035909264072222,0.5690600516873368,0.5788478670686589,0.63790764298934,0.6409112259276656,0.6385823816842079
0.6,0.15,0.5,895,7,778,110,0,Step1_Guided_Confusion_Correction,Specialist_ML_Probability_Correction,Validation_Tuning,0.6420854861437294,0.6045617091300508,0.5699634561274802,0.5796746831600803,0.6389448073606034,0.6420854861437294,0.63957282893145
0.6,0.15,0.75,895,7,778,110,0,Step1_Guided_Confusion_Correction,Specialist_ML_Probability_Correction,Validation_Tuning,0.6444340065758573,0.6069661634290637,0.5721933743751789,0.5816152351594003,0.6412403487269613,0.6444340065758573,0.6415138442813068
0.6,0.15,1.0,895,7,778,110,0,Step1_Guided_Confusion_Correction,Specialist_ML_Probability_Correction,Validation_Tuning,0.6456082667919211,0.6074196788172636,0.5725660752290562,0.5817854096823639,0.64230782582805,0.6456082667919211,0.6423865116249469
0.6,0.2,0.0,895,7,778,110,0,Step1_Guided_Confusion_Correction,Specialist_ML_Probability_Correction,Validation_Tuning,0.6399718177548145,0.6028317320680581,0.5683518526706914,0.5781700707998075,0.637026330672573,0.6399718177548145,0.6377290452935246
0.6,0.2,0.25,895,7,778,110,0,Step1_Guided_Confusion_Correction,Specialist_ML_Probability_Correction,Validation_Tuning,0.6409112259276656,0.6035909264072222,0.5690600516873368,0.5788478670686589,0.63790764298934,0.6409112259276656,0.6385823816842079
0.6,0.2,0.5,895,7,778,110,0,Step1_Guided_Confusion_Correction,Specialist_ML_Probability_Correction,Validation_Tuning,0.6420854861437294,0.6045617091300508,0.5699634561274802,0.5796746831600803,0.6389448073606034,0.6420854861437294,0.63957282893145
0.6,0.2,0.75,895,7,778,110,0,Step1_Guided_Confusion_Correction,Specialist_ML_Probability_Correction,Validation_Tuning,0.6444340065758573,0.6069661634290637,0.5721933743751789,0.5816152351594003,0.6412403487269613,0.6444340065758573,0.6415138442813068
0.6,0.2,1.0,895,7,778,110,0,Step1_Guided_Confusion_Correction,Specialist_ML_Probability_Correction,Validation_Tuning,0.6456082667919211,0.6074196788172636,0.5725660752290562,0.5817854096823639,0.64230782582805,0.6456082667919211,0.6423865116249469
0.6,0.3,0.0,913,7,787,119,0,Step1_Guided_Confusion_Correction,Specialist_ML_Probability_Correction,Validation_Tuning,0.64044152184124,0.6034803692488256,0.5689192322973838,0.5787933879908176,0.6375625259846596,0.64044152184124,0.6382459799367343
0.6,0.3,0.25,913,7,787,119,0,Step1_Guided_Confusion_Correction,Specialist_ML_Probability_Correction,Validation_Tuning,0.6416157820573039,0.6045726316654834,0.5698597193511953,0.5797680942094094,0.6387358961809327,0.6416157820573039,0.6393750871974573
0.6,0.3,0.5,913,7,787,119,0,Step1_Guided_Confusion_Correction,Specialist_ML_Probability_Correction,Validation_Tuning,0.6430248943165806,0.6058847632662798,0.5709954118285047,0.5809000815294355,0.6400733008708838,0.6430248943165806,0.6406495443101095
0.6,0.3,0.75,913,7,787,119,0,Step1_Guided_Confusion_Correction,Specialist_ML_Probability_Correction,Validation_Tuning,0.6449037106622828,0.6076235819373899,0.572657950449511,0.5822133342135043,0.6418156926714547,0.6449037106622828,0.6420692219744322
0.6,0.3,1.0,913,7,787,119,0,Step1_Guided_Confusion_Correction,Specialist_ML_Probability_Correction,Validation_Tuning,0.6456082667919211,0.6074196788172636,0.5725660752290562,0.5817854096823639,0.64230782582805,0.6456082667919211,0.6423865116249469
0.65,0.05,0.0,1040,8,896,136,0,Step1_Guided_Confusion_Correction,Specialist_ML_Probability_Correction,Validation_Tuning,0.6395021136683889,0.6029088355251225,0.5681892966943691,0.5781912408874359,0.6368435565770586,0.6395021136683889,0.6374638802454425
0.65,0.05,0.25,1040,8,896,136,0,Step1_Guided_Confusion_Correction,Specialist_ML_Probability_Correction,Validation_Tuning,0.6416157820573039,0.6047585178265906,0.5700107294002003,0.5799818686437382,0.6388620630137435,0.6416157820573039,0.6394843852525769
0.65,0.05,0.5,1040,8,896,136,0,Step1_Guided_Confusion_Correction,Specialist_ML_Probability_Correction,Validation_Tuning,0.6434945984030062,0.6064542107900053,0.5715005213858323,0.5814778536095763,0.6406437272739112,0.6434945984030062,0.6412102909019612
0.65,0.05,0.75,1040,8,896,136,0,Step1_Guided_Confusion_Correction,Specialist_ML_Probability_Correction,Validation_Tuning,0.6449037106622828,0.6076235819373899,0.572657950449511,0.5822133342135043,0.6418156926714547,0.6449037106622828,0.6420692219744322
0.65,0.05,1.0,1040,8,896,136,0,Step1_Guided_Confusion_Correction,Specialist_ML_Probability_Correction,Validation_Tuning,0.6456082667919211,0.6074196788172636,0.5725660752290562,0.5817854096823639,0.64230782582805,0.6456082667919211,0.6423865116249469
0.65,0.1,0.0,1040,8,896,136,0,Step1_Guided_Confusion_Correction,Specialist_ML_Probability_Correction,Validation_Tuning,0.6395021136683889,0.6029088355251225,0.5681892966943691,0.5781912408874359,0.6368435565770586,0.6395021136683889,0.6374638802454425
0.65,0.1,0.25,1040,8,896,136,0,Step1_Guided_Confusion_Correction,Specialist_ML_Probability_Correction,Validation_Tuning,0.6416157820573039,0.6047585178265906,0.5700107294002003,0.5799818686437382,0.6388620630137435,0.6416157820573039,0.6394843852525769
0.65,0.1,0.5,1040,8,896,136,0,Step1_Guided_Confusion_Correction,Specialist_ML_Probability_Correction,Validation_Tuning,0.6434945984030062,0.6064542107900053,0.5715005213858323,0.5814778536095763,0.6406437272739112,0.6434945984030062,0.6412102909019612
0.65,0.1,0.75,1040,8,896,136,0,Step1_Guided_Confusion_Correction,Specialist_ML_Probability_Correction,Validation_Tuning,0.6449037106622828,0.6076235819373899,0.572657950449511,0.5822133342135043,0.6418156926714547,0.6449037106622828,0.6420692219744322
0.65,0.1,1.0,1040,8,896,136,0,Step1_Guided_Confusion_Correction,Specialist_ML_Probability_Correction,Validation_Tuning,0.6456082667919211,0.6074196788172636,0.5725660752290562,0.5817854096823639,0.64230782582805,0.6456082667919211,0.6423865116249469
0.65,0.15,0.0,1040,8,896,136,0,Step1_Guided_Confusion_Correction,Specialist_ML_Probability_Correction,Validation_Tuning,0.6395021136683889,0.6029088355251225,0.5681892966943691,0.5781912408874359,0.6368435565770586,0.6395021136683889,0.6374638802454425
0.65,0.15,0.25,1040,8,896,136,0,Step1_Guided_Confusion_Correction,Specialist_ML_Probability_Correction,Validation_Tuning,0.6416157820573039,0.6047585178265906,0.5700107294002003,0.5799818686437382,0.6388620630137435,0.6416157820573039,0.6394843852525769
0.65,0.15,0.5,1040,8,896,136,0,Step1_Guided_Confusion_Correction,Specialist_ML_Probability_Correction,Validation_Tuning,0.6434945984030062,0.6064542107900053,0.5715005213858323,0.5814778536095763,0.6406437272739112,0.6434945984030062,0.6412102909019612
0.65,0.15,0.75,1040,8,896,136,0,Step1_Guided_Confusion_Correction,Specialist_ML_Probability_Correction,Validation_Tuning,0.6449037106622828,0.6076235819373899,0.572657950449511,0.5822133342135043,0.6418156926714547,0.6449037106622828,0.6420692219744322
0.65,0.15,1.0,1040,8,896,136,0,Step1_Guided_Confusion_Correction,Specialist_ML_Probability_Correction,Validation_Tuning,0.6456082667919211,0.6074196788172636,0.5725660752290562,0.5817854096823639,0.64230782582805,0.6456082667919211,0.6423865116249469
0.65,0.2,0.0,1040,8,896,136,0,Step1_Guided_Confusion_Correction,Specialist_ML_Probability_Correction,Validation_Tuning,0.6395021136683889,0.6029088355251225,0.5681892966943691,0.5781912408874359,0.6368435565770586,0.6395021136683889,0.6374638802454425
0.65,0.2,0.25,1040,8,896,136,0,Step1_Guided_Confusion_Correction,Specialist_ML_Probability_Correction,Validation_Tuning,0.6416157820573039,0.6047585178265906,0.5700107294002003,0.5799818686437382,0.6388620630137435,0.6416157820573039,0.6394843852525769
0.65,0.2,0.5,1040,8,896,136,0,Step1_Guided_Confusion_Correction,Specialist_ML_Probability_Correction,Validation_Tuning,0.6434945984030062,0.6064542107900053,0.5715005213858323,0.5814778536095763,0.6406437272739112,0.6434945984030062,0.6412102909019612
0.65,0.2,0.75,1040,8,896,136,0,Step1_Guided_Confusion_Correction,Specialist_ML_Probability_Correction,Validation_Tuning,0.6449037106622828,0.6076235819373899,0.572657950449511,0.5822133342135043,0.6418156926714547,0.6449037106622828,0.6420692219744322
0.65,0.2,1.0,1040,8,896,136,0,Step1_Guided_Confusion_Correction,Specialist_ML_Probability_Correction,Validation_Tuning,0.6456082667919211,0.6074196788172636,0.5725660752290562,0.5817854096823639,0.64230782582805,0.6456082667919211,0.6423865116249469
0.65,0.3,0.0,1040,8,896,136,0,Step1_Guided_Confusion_Correction,Specialist_ML_Probability_Correction,Validation_Tuning,0.6395021136683889,0.6029088355251225,0.5681892966943691,0.5781912408874359,0.6368435565770586,0.6395021136683889,0.6374638802454425
0.65,0.3,0.25,1040,8,896,136,0,Step1_Guided_Confusion_Correction,Specialist_ML_Probability_Correction,Validation_Tuning,0.6416157820573039,0.6047585178265906,0.5700107294002003,0.5799818686437382,0.6388620630137435,0.6416157820573039,0.6394843852525769
0.65,0.3,0.5,1040,8,896,136,0,Step1_Guided_Confusion_Correction,Specialist_ML_Probability_Correction,Validation_Tuning,0.6434945984030062,0.6064542107900053,0.5715005213858323,0.5814778536095763,0.6406437272739112,0.6434945984030062,0.6412102909019612
0.65,0.3,0.75,1040,8,896,136,0,Step1_Guided_Confusion_Correction,Specialist_ML_Probability_Correction,Validation_Tuning,0.6449037106622828,0.6076235819373899,0.572657950449511,0.5822133342135043,0.6418156926714547,0.6449037106622828,0.6420692219744322
0.65,0.3,1.0,1040,8,896,136,0,Step1_Guided_Confusion_Correction,Specialist_ML_Probability_Correction,Validation_Tuning,0.6456082667919211,0.6074196788172636,0.5725660752290562,0.5817854096823639,0.64230782582805,0.6456082667919211,0.6423865116249469
0.7,0.05,0.0,1150,8,979,163,0,Step1_Guided_Confusion_Correction,Specialist_ML_Probability_Correction,Validation_Tuning,0.6402066697980272,0.6040756543383002,0.56896166583037,0.5792015858110264,0.6377868556349154,0.6402066697980272,0.6383219560958648
0.7,0.05,0.25,1150,8,979,163,0,Step1_Guided_Confusion_Correction,Specialist_ML_Probability_Correction,Validation_Tuning,0.6423203381869422,0.6060537094907826,0.5707886604776894,0.5810747840587492,0.6398966821781314,0.6423203381869422,0.640401961559267
0.7,0.05,0.5,1150,8,979,163,0,Step1_Guided_Confusion_Correction,Specialist_ML_Probability_Correction,Validation_Tuning,0.6439643024894317,0.6071167827500068,0.5719650974601646,0.5820665969639126,0.6412212808964782,0.6439643024894317,0.6417554760561816
0.7,0.05,0.75,1150,8,979,163,0,Step1_Guided_Confusion_Correction,Specialist_ML_Probability_Correction,Validation_Tuning,0.6449037106622828,0.6076235819373899,0.572657950449511,0.5822133342135043,0.6418156926714547,0.6449037106622828,0.6420692219744322
0.7,0.05,1.0,1150,8,979,163,0,Step1_Guided_Confusion_Correction,Specialist_ML_Probability_Correction,Validation_Tuning,0.6456082667919211,0.6074196788172636,0.5725660752290562,0.5817854096823639,0.64230782582805,0.6456082667919211,0.6423865116249469
0.7,0.1,0.0,1150,8,979,163,0,Step1_Guided_Confusion_Correction,Specialist_ML_Probability_Correction,Validation_Tuning,0.6402066697980272,0.6040756543383002,0.56896166583037,0.5792015858110264,0.6377868556349154,0.6402066697980272,0.6383219560958648
0.7,0.1,0.25,1150,8,979,163,0,Step1_Guided_Confusion_Correction,Specialist_ML_Probability_Correction,Validation_Tuning,0.6423203381869422,0.6060537094907826,0.5707886604776894,0.5810747840587492,0.6398966821781314,0.6423203381869422,0.640401961559267
0.7,0.1,0.5,1150,8,979,163,0,Step1_Guided_Confusion_Correction,Specialist_ML_Probability_Correction,Validation_Tuning,0.6439643024894317,0.6071167827500068,0.5719650974601646,0.5820665969639126,0.6412212808964782,0.6439643024894317,0.6417554760561816
0.7,0.1,0.75,1150,8,979,163,0,Step1_Guided_Confusion_Correction,Specialist_ML_Probability_Correction,Validation_Tuning,0.6449037106622828,0.6076235819373899,0.572657950449511,0.5822133342135043,0.6418156926714547,0.6449037106622828,0.6420692219744322
0.7,0.1,1.0,1150,8,979,163,0,Step1_Guided_Confusion_Correction,Specialist_ML_Probability_Correction,Validation_Tuning,0.6456082667919211,0.6074196788172636,0.5725660752290562,0.5817854096823639,0.64230782582805,0.6456082667919211,0.6423865116249469
0.7,0.15,0.0,1150,8,979,163,0,Step1_Guided_Confusion_Correction,Specialist_ML_Probability_Correction,Validation_Tuning,0.6402066697980272,0.6040756543383002,0.56896166583037,0.5792015858110264,0.6377868556349154,0.6402066697980272,0.6383219560958648
0.7,0.15,0.25,1150,8,979,163,0,Step1_Guided_Confusion_Correction,Specialist_ML_Probability_Correction,Validation_Tuning,0.6423203381869422,0.6060537094907826,0.5707886604776894,0.5810747840587492,0.6398966821781314,0.6423203381869422,0.640401961559267
0.7,0.15,0.5,1150,8,979,163,0,Step1_Guided_Confusion_Correction,Specialist_ML_Probability_Correction,Validation_Tuning,0.6439643024894317,0.6071167827500068,0.5719650974601646,0.5820665969639126,0.6412212808964782,0.6439643024894317,0.6417554760561816
0.7,0.15,0.75,1150,8,979,163,0,Step1_Guided_Confusion_Correction,Specialist_ML_Probability_Correction,Validation_Tuning,0.6449037106622828,0.6076235819373899,0.572657950449511,0.5822133342135043,0.6418156926714547,0.6449037106622828,0.6420692219744322
0.7,0.15,1.0,1150,8,979,163,0,Step1_Guided_Confusion_Correction,Specialist_ML_Probability_Correction,Validation_Tuning,0.6456082667919211,0.6074196788172636,0.5725660752290562,0.5817854096823639,0.64230782582805,0.6456082667919211,0.6423865116249469
0.7,0.2,0.0,1150,8,979,163,0,Step1_Guided_Confusion_Correction,Specialist_ML_Probability_Correction,Validation_Tuning,0.6402066697980272,0.6040756543383002,0.56896166583037,0.5792015858110264,0.6377868556349154,0.6402066697980272,0.6383219560958648
0.7,0.2,0.25,1150,8,979,163,0,Step1_Guided_Confusion_Correction,Specialist_ML_Probability_Correction,Validation_Tuning,0.6423203381869422,0.6060537094907826,0.5707886604776894,0.5810747840587492,0.6398966821781314,0.6423203381869422,0.640401961559267
0.7,0.2,0.5,1150,8,979,163,0,Step1_Guided_Confusion_Correction,Specialist_ML_Probability_Correction,Validation_Tuning,0.6439643024894317,0.6071167827500068,0.5719650974601646,0.5820665969639126,0.6412212808964782,0.6439643024894317,0.6417554760561816
0.7,0.2,0.75,1150,8,979,163,0,Step1_Guided_Confusion_Correction,Specialist_ML_Probability_Correction,Validation_Tuning,0.6449037106622828,0.6076235819373899,0.572657950449511,0.5822133342135043,0.6418156926714547,0.6449037106622828,0.6420692219744322
0.7,0.2,1.0,1150,8,979,163,0,Step1_Guided_Confusion_Correction,Specialist_ML_Probability_Correction,Validation_Tuning,0.6456082667919211,0.6074196788172636,0.5725660752290562,0.5817854096823639,0.64230782582805,0.6456082667919211,0.6423865116249469
0.7,0.3,0.0,1150,8,979,163,0,Step1_Guided_Confusion_Correction,Specialist_ML_Probability_Correction,Validation_Tuning,0.6402066697980272,0.6040756543383002,0.56896166583037,0.5792015858110264,0.6377868556349154,0.6402066697980272,0.6383219560958648
0.7,0.3,0.25,1150,8,979,163,0,Step1_Guided_Confusion_Correction,Specialist_ML_Probability_Correction,Validation_Tuning,0.6423203381869422,0.6060537094907826,0.5707886604776894,0.5810747840587492,0.6398966821781314,0.6423203381869422,0.640401961559267
0.7,0.3,0.5,1150,8,979,163,0,Step1_Guided_Confusion_Correction,Specialist_ML_Probability_Correction,Validation_Tuning,0.6439643024894317,0.6071167827500068,0.5719650974601646,0.5820665969639126,0.6412212808964782,0.6439643024894317,0.6417554760561816
0.7,0.3,0.75,1150,8,979,163,0,Step1_Guided_Confusion_Correction,Specialist_ML_Probability_Correction,Validation_Tuning,0.6449037106622828,0.6076235819373899,0.572657950449511,0.5822133342135043,0.6418156926714547,0.6449037106622828,0.6420692219744322
0.7,0.3,1.0,1150,8,979,163,0,Step1_Guided_Confusion_Correction,Specialist_ML_Probability_Correction,Validation_Tuning,0.6456082667919211,0.6074196788172636,0.5725660752290562,0.5817854096823639,0.64230782582805,0.6456082667919211,0.6423865116249469
0.75,0.05,0.0,1264,10,1068,186,0,Step1_Guided_Confusion_Correction,Specialist_ML_Probability_Correction,Validation_Tuning,0.6409112259276656,0.605063358799884,0.5696585299418683,0.5800692461586986,0.6386447181606936,0.6409112259276656,0.6391236714489689
0.75,0.05,0.25,1264,10,1068,186,0,Step1_Guided_Confusion_Correction,Specialist_ML_Probability_Correction,Validation_Tuning,0.6430248943165806,0.6069256400027251,0.5714505530476804,0.5818569906529945,0.6407014759977865,0.6430248943165806,0.6411682864180208
0.75,0.05,0.5,1264,10,1068,186,0,Step1_Guided_Confusion_Correction,Specialist_ML_Probability_Correction,Validation_Tuning,0.6449037106622828,0.6081902525828567,0.5729271100781749,0.5830887317441796,0.6422135089313157,0.6449037106622828,0.6427234529290886
0.75,0.05,0.75,1264,10,1068,186,0,Step1_Guided_Confusion_Correction,Specialist_ML_Probability_Correction,Validation_Tuning,0.6449037106622828,0.6076235819373899,0.572657950449511,0.5822133342135043,0.6418156926714547,0.6449037106622828,0.6420692219744322
0.75,0.05,1.0,1264,10,1068,186,0,Step1_Guided_Confusion_Correction,Specialist_ML_Probability_Correction,Validation_Tuning,0.6456082667919211,0.6074196788172636,0.5725660752290562,0.5817854096823639,0.64230782582805,0.6456082667919211,0.6423865116249469
0.75,0.1,0.0,1264,10,1068,186,0,Step1_Guided_Confusion_Correction,Specialist_ML_Probability_Correction,Validation_Tuning,0.6409112259276656,0.605063358799884,0.5696585299418683,0.5800692461586986,0.6386447181606936,0.6409112259276656,0.6391236714489689
0.75,0.1,0.25,1264,10,1068,186,0,Step1_Guided_Confusion_Correction,Specialist_ML_Probability_Correction,Validation_Tuning,0.6430248943165806,0.6069256400027251,0.5714505530476804,0.5818569906529945,0.6407014759977865,0.6430248943165806,0.6411682864180208
0.75,0.1,0.5,1264,10,1068,186,0,Step1_Guided_Confusion_Correction,Specialist_ML_Probability_Correction,Validation_Tuning,0.6449037106622828,0.6081902525828567,0.5729271100781749,0.5830887317441796,0.6422135089313157,0.6449037106622828,0.6427234529290886
0.75,0.1,0.75,1264,10,1068,186,0,Step1_Guided_Confusion_Correction,Specialist_ML_Probability_Correction,Validation_Tuning,0.6449037106622828,0.6076235819373899,0.572657950449511,0.5822133342135043,0.6418156926714547,0.6449037106622828,0.6420692219744322
0.75,0.1,1.0,1264,10,1068,186,0,Step1_Guided_Confusion_Correction,Specialist_ML_Probability_Correction,Validation_Tuning,0.6456082667919211,0.6074196788172636,0.5725660752290562,0.5817854096823639,0.64230782582805,0.6456082667919211,0.6423865116249469
0.75,0.15,0.0,1264,10,1068,186,0,Step1_Guided_Confusion_Correction,Specialist_ML_Probability_Correction,Validation_Tuning,0.6409112259276656,0.605063358799884,0.5696585299418683,0.5800692461586986,0.6386447181606936,0.6409112259276656,0.6391236714489689
0.75,0.15,0.25,1264,10,1068,186,0,Step1_Guided_Confusion_Correction,Specialist_ML_Probability_Correction,Validation_Tuning,0.6430248943165806,0.6069256400027251,0.5714505530476804,0.5818569906529945,0.6407014759977865,0.6430248943165806,0.6411682864180208
0.75,0.15,0.5,1264,10,1068,186,0,Step1_Guided_Confusion_Correction,Specialist_ML_Probability_Correction,Validation_Tuning,0.6449037106622828,0.6081902525828567,0.5729271100781749,0.5830887317441796,0.6422135089313157,0.6449037106622828,0.6427234529290886
0.75,0.15,0.75,1264,10,1068,186,0,Step1_Guided_Confusion_Correction,Specialist_ML_Probability_Correction,Validation_Tuning,0.6449037106622828,0.6076235819373899,0.572657950449511,0.5822133342135043,0.6418156926714547,0.6449037106622828,0.6420692219744322
0.75,0.15,1.0,1264,10,1068,186,0,Step1_Guided_Confusion_Correction,Specialist_ML_Probability_Correction,Validation_Tuning,0.6456082667919211,0.6074196788172636,0.5725660752290562,0.5817854096823639,0.64230782582805,0.6456082667919211,0.6423865116249469
0.75,0.2,0.0,1264,10,1068,186,0,Step1_Guided_Confusion_Correction,Specialist_ML_Probability_Correction,Validation_Tuning,0.6409112259276656,0.605063358799884,0.5696585299418683,0.5800692461586986,0.6386447181606936,0.6409112259276656,0.6391236714489689
0.75,0.2,0.25,1264,10,1068,186,0,Step1_Guided_Confusion_Correction,Specialist_ML_Probability_Correction,Validation_Tuning,0.6430248943165806,0.6069256400027251,0.5714505530476804,0.5818569906529945,0.6407014759977865,0.6430248943165806,0.6411682864180208
0.75,0.2,0.5,1264,10,1068,186,0,Step1_Guided_Confusion_Correction,Specialist_ML_Probability_Correction,Validation_Tuning,0.6449037106622828,0.6081902525828567,0.5729271100781749,0.5830887317441796,0.6422135089313157,0.6449037106622828,0.6427234529290886
0.75,0.2,0.75,1264,10,1068,186,0,Step1_Guided_Confusion_Correction,Specialist_ML_Probability_Correction,Validation_Tuning,0.6449037106622828,0.6076235819373899,0.572657950449511,0.5822133342135043,0.6418156926714547,0.6449037106622828,0.6420692219744322
0.75,0.2,1.0,1264,10,1068,186,0,Step1_Guided_Confusion_Correction,Specialist_ML_Probability_Correction,Validation_Tuning,0.6456082667919211,0.6074196788172636,0.5725660752290562,0.5817854096823639,0.64230782582805,0.6456082667919211,0.6423865116249469
0.75,0.3,0.0,1264,10,1068,186,0,Step1_Guided_Confusion_Correction,Specialist_ML_Probability_Correction,Validation_Tuning,0.6409112259276656,0.605063358799884,0.5696585299418683,0.5800692461586986,0.6386447181606936,0.6409112259276656,0.6391236714489689
0.75,0.3,0.25,1264,10,1068,186,0,Step1_Guided_Confusion_Correction,Specialist_ML_Probability_Correction,Validation_Tuning,0.6430248943165806,0.6069256400027251,0.5714505530476804,0.5818569906529945,0.6407014759977865,0.6430248943165806,0.6411682864180208
0.75,0.3,0.5,1264,10,1068,186,0,Step1_Guided_Confusion_Correction,Specialist_ML_Probability_Correction,Validation_Tuning,0.6449037106622828,0.6081902525828567,0.5729271100781749,0.5830887317441796,0.6422135089313157,0.6449037106622828,0.6427234529290886
0.75,0.3,0.75,1264,10,1068,186,0,Step1_Guided_Confusion_Correction,Specialist_ML_Probability_Correction,Validation_Tuning,0.6449037106622828,0.6076235819373899,0.572657950449511,0.5822133342135043,0.6418156926714547,0.6449037106622828,0.6420692219744322
0.75,0.3,1.0,1264,10,1068,186,0,Step1_Guided_Confusion_Correction,Specialist_ML_Probability_Correction,Validation_Tuning,0.6456082667919211,0.6074196788172636,0.5725660752290562,0.5817854096823639,0.64230782582805,0.6456082667919211,0.6423865116249469
0.8,0.05,0.0,1374,13,1150,211,0,Step1_Guided_Confusion_Correction,Specialist_ML_Probability_Correction,Validation_Tuning,0.64044152184124,0.6048726224478279,0.5692071888226737,0.5797657689254796,0.6383597121350251,0.64044152184124,0.638761237704029
0.8,0.05,0.25,1374,13,1150,211,0,Step1_Guided_Confusion_Correction,Specialist_ML_Probability_Correction,Validation_Tuning,0.642555190230155,0.6065807627940529,0.5709586784454906,0.5814473441776592,0.6403428682203859,0.642555190230155,0.6407611297319238
0.8,0.05,0.5,1374,13,1150,211,0,Step1_Guided_Confusion_Correction,Specialist_ML_Probability_Correction,Validation_Tuning,0.6449037106622828,0.6081902525828567,0.5729271100781749,0.5830887317441796,0.6422135089313157,0.6449037106622828,0.6427234529290886
0.8,0.05,0.75,1374,13,1150,211,0,Step1_Guided_Confusion_Correction,Specialist_ML_Probability_Correction,Validation_Tuning,0.6449037106622828,0.6076235819373899,0.572657950449511,0.5822133342135043,0.6418156926714547,0.6449037106622828,0.6420692219744322
0.8,0.05,1.0,1374,13,1150,211,0,Step1_Guided_Confusion_Correction,Specialist_ML_Probability_Correction,Validation_Tuning,0.6456082667919211,0.6074196788172636,0.5725660752290562,0.5817854096823639,0.64230782582805,0.6456082667919211,0.6423865116249469
0.8,0.1,0.0,1374,13,1150,211,0,Step1_Guided_Confusion_Correction,Specialist_ML_Probability_Correction,Validation_Tuning,0.64044152184124,0.6048726224478279,0.5692071888226737,0.5797657689254796,0.6383597121350251,0.64044152184124,0.638761237704029
0.8,0.1,0.25,1374,13,1150,211,0,Step1_Guided_Confusion_Correction,Specialist_ML_Probability_Correction,Validation_Tuning,0.642555190230155,0.6065807627940529,0.5709586784454906,0.5814473441776592,0.6403428682203859,0.642555190230155,0.6407611297319238
0.8,0.1,0.5,1374,13,1150,211,0,Step1_Guided_Confusion_Correction,Specialist_ML_Probability_Correction,Validation_Tuning,0.6449037106622828,0.6081902525828567,0.5729271100781749,0.5830887317441796,0.6422135089313157,0.6449037106622828,0.6427234529290886
0.8,0.1,0.75,1374,13,1150,211,0,Step1_Guided_Confusion_Correction,Specialist_ML_Probability_Correction,Validation_Tuning,0.6449037106622828,0.6076235819373899,0.572657950449511,0.5822133342135043,0.6418156926714547,0.6449037106622828,0.6420692219744322
0.8,0.1,1.0,1374,13,1150,211,0,Step1_Guided_Confusion_Correction,Specialist_ML_Probability_Correction,Validation_Tuning,0.6456082667919211,0.6074196788172636,0.5725660752290562,0.5817854096823639,0.64230782582805,0.6456082667919211,0.6423865116249469
0.8,0.15,0.0,1374,13,1150,211,0,Step1_Guided_Confusion_Correction,Specialist_ML_Probability_Correction,Validation_Tuning,0.64044152184124,0.6048726224478279,0.5692071888226737,0.5797657689254796,0.6383597121350251,0.64044152184124,0.638761237704029
0.8,0.15,0.25,1374,13,1150,211,0,Step1_Guided_Confusion_Correction,Specialist_ML_Probability_Correction,Validation_Tuning,0.642555190230155,0.6065807627940529,0.5709586784454906,0.5814473441776592,0.6403428682203859,0.642555190230155,0.6407611297319238
0.8,0.15,0.5,1374,13,1150,211,0,Step1_Guided_Confusion_Correction,Specialist_ML_Probability_Correction,Validation_Tuning,0.6449037106622828,0.6081902525828567,0.5729271100781749,0.5830887317441796,0.6422135089313157,0.6449037106622828,0.6427234529290886
0.8,0.15,0.75,1374,13,1150,211,0,Step1_Guided_Confusion_Correction,Specialist_ML_Probability_Correction,Validation_Tuning,0.6449037106622828,0.6076235819373899,0.572657950449511,0.5822133342135043,0.6418156926714547,0.6449037106622828,0.6420692219744322
0.8,0.15,1.0,1374,13,1150,211,0,Step1_Guided_Confusion_Correction,Specialist_ML_Probability_Correction,Validation_Tuning,0.6456082667919211,0.6074196788172636,0.5725660752290562,0.5817854096823639,0.64230782582805,0.6456082667919211,0.6423865116249469
0.8,0.2,0.0,1374,13,1150,211,0,Step1_Guided_Confusion_Correction,Specialist_ML_Probability_Correction,Validation_Tuning,0.64044152184124,0.6048726224478279,0.5692071888226737,0.5797657689254796,0.6383597121350251,0.64044152184124,0.638761237704029
0.8,0.2,0.25,1374,13,1150,211,0,Step1_Guided_Confusion_Correction,Specialist_ML_Probability_Correction,Validation_Tuning,0.642555190230155,0.6065807627940529,0.5709586784454906,0.5814473441776592,0.6403428682203859,0.642555190230155,0.6407611297319238
0.8,0.2,0.5,1374,13,1150,211,0,Step1_Guided_Confusion_Correction,Specialist_ML_Probability_Correction,Validation_Tuning,0.6449037106622828,0.6081902525828567,0.5729271100781749,0.5830887317441796,0.6422135089313157,0.6449037106622828,0.6427234529290886
0.8,0.2,0.75,1374,13,1150,211,0,Step1_Guided_Confusion_Correction,Specialist_ML_Probability_Correction,Validation_Tuning,0.6449037106622828,0.6076235819373899,0.572657950449511,0.5822133342135043,0.6418156926714547,0.6449037106622828,0.6420692219744322
0.8,0.2,1.0,1374,13,1150,211,0,Step1_Guided_Confusion_Correction,Specialist_ML_Probability_Correction,Validation_Tuning,0.6456082667919211,0.6074196788172636,0.5725660752290562,0.5817854096823639,0.64230782582805,0.6456082667919211,0.6423865116249469
0.8,0.3,0.0,1374,13,1150,211,0,Step1_Guided_Confusion_Correction,Specialist_ML_Probability_Correction,Validation_Tuning,0.64044152184124,0.6048726224478279,0.5692071888226737,0.5797657689254796,0.6383597121350251,0.64044152184124,0.638761237704029
0.8,0.3,0.25,1374,13,1150,211,0,Step1_Guided_Confusion_Correction,Specialist_ML_Probability_Correction,Validation_Tuning,0.642555190230155,0.6065807627940529,0.5709586784454906,0.5814473441776592,0.6403428682203859,0.642555190230155,0.6407611297319238
0.8,0.3,0.5,1374,13,1150,211,0,Step1_Guided_Confusion_Correction,Specialist_ML_Probability_Correction,Validation_Tuning,0.6449037106622828,0.6081902525828567,0.5729271100781749,0.5830887317441796,0.6422135089313157,0.6449037106622828,0.6427234529290886
0.8,0.3,0.75,1374,13,1150,211,0,Step1_Guided_Confusion_Correction,Specialist_ML_Probability_Correction,Validation_Tuning,0.6449037106622828,0.6076235819373899,0.572657950449511,0.5822133342135043,0.6418156926714547,0.6449037106622828,0.6420692219744322
0.8,0.3,1.0,1374,13,1150,211,0,Step1_Guided_Confusion_Correction,Specialist_ML_Probability_Correction,Validation_Tuning,0.6456082667919211,0.6074196788172636,0.5725660752290562,0.5817854096823639,0.64230782582805,0.6456082667919211,0.6423865116249469
0.85,0.05,0.0,1466,13,1213,240,0,Step1_Guided_Confusion_Correction,Specialist_ML_Probability_Correction,Validation_Tuning,0.6399718177548145,0.6047225031155831,0.5686419202681424,0.5794376520703973,0.6381287651787825,0.6399718177548145,0.6384349743674614
0.85,0.05,0.25,1466,13,1213,240,0,Step1_Guided_Confusion_Correction,Specialist_ML_Probability_Correction,Validation_Tuning,0.6423203381869422,0.6065336330597306,0.5705907263866183,0.58126648560593,0.6402815832777878,0.6423203381869422,0.6406351275425489
0.85,0.05,0.5,1466,13,1213,240,0,Step1_Guided_Confusion_Correction,Specialist_ML_Probability_Correction,Validation_Tuning,0.6449037106622828,0.6081902525828567,0.5729271100781749,0.5830887317441796,0.6422135089313157,0.6449037106622828,0.6427234529290886
0.85,0.05,0.75,1466,13,1213,240,0,Step1_Guided_Confusion_Correction,Specialist_ML_Probability_Correction,Validation_Tuning,0.6449037106622828,0.6076235819373899,0.572657950449511,0.5822133342135043,0.6418156926714547,0.6449037106622828,0.6420692219744322
0.85,0.05,1.0,1466,13,1213,240,0,Step1_Guided_Confusion_Correction,Specialist_ML_Probability_Correction,Validation_Tuning,0.6456082667919211,0.6074196788172636,0.5725660752290562,0.5817854096823639,0.64230782582805,0.6456082667919211,0.6423865116249469
0.85,0.1,0.0,1466,13,1213,240,0,Step1_Guided_Confusion_Correction,Specialist_ML_Probability_Correction,Validation_Tuning,0.6399718177548145,0.6047225031155831,0.5686419202681424,0.5794376520703973,0.6381287651787825,0.6399718177548145,0.6384349743674614
0.85,0.1,0.25,1466,13,1213,240,0,Step1_Guided_Confusion_Correction,Specialist_ML_Probability_Correction,Validation_Tuning,0.6423203381869422,0.6065336330597306,0.5705907263866183,0.58126648560593,0.6402815832777878,0.6423203381869422,0.6406351275425489
0.85,0.1,0.5,1466,13,1213,240,0,Step1_Guided_Confusion_Correction,Specialist_ML_Probability_Correction,Validation_Tuning,0.6449037106622828,0.6081902525828567,0.5729271100781749,0.5830887317441796,0.6422135089313157,0.6449037106622828,0.6427234529290886
0.85,0.1,0.75,1466,13,1213,240,0,Step1_Guided_Confusion_Correction,Specialist_ML_Probability_Correction,Validation_Tuning,0.6449037106622828,0.6076235819373899,0.572657950449511,0.5822133342135043,0.6418156926714547,0.6449037106622828,0.6420692219744322
0.85,0.1,1.0,1466,13,1213,240,0,Step1_Guided_Confusion_Correction,Specialist_ML_Probability_Correction,Validation_Tuning,0.6456082667919211,0.6074196788172636,0.5725660752290562,0.5817854096823639,0.64230782582805,0.6456082667919211,0.6423865116249469
0.85,0.15,0.0,1466,13,1213,240,0,Step1_Guided_Confusion_Correction,Specialist_ML_Probability_Correction,Validation_Tuning,0.6399718177548145,0.6047225031155831,0.5686419202681424,0.5794376520703973,0.6381287651787825,0.6399718177548145,0.6384349743674614
0.85,0.15,0.25,1466,13,1213,240,0,Step1_Guided_Confusion_Correction,Specialist_ML_Probability_Correction,Validation_Tuning,0.6423203381869422,0.6065336330597306,0.5705907263866183,0.58126648560593,0.6402815832777878,0.6423203381869422,0.6406351275425489
0.85,0.15,0.5,1466,13,1213,240,0,Step1_Guided_Confusion_Correction,Specialist_ML_Probability_Correction,Validation_Tuning,0.6449037106622828,0.6081902525828567,0.5729271100781749,0.5830887317441796,0.6422135089313157,0.6449037106622828,0.6427234529290886
0.85,0.15,0.75,1466,13,1213,240,0,Step1_Guided_Confusion_Correction,Specialist_ML_Probability_Correction,Validation_Tuning,0.6449037106622828,0.6076235819373899,0.572657950449511,0.5822133342135043,0.6418156926714547,0.6449037106622828,0.6420692219744322
0.85,0.15,1.0,1466,13,1213,240,0,Step1_Guided_Confusion_Correction,Specialist_ML_Probability_Correction,Validation_Tuning,0.6456082667919211,0.6074196788172636,0.5725660752290562,0.5817854096823639,0.64230782582805,0.6456082667919211,0.6423865116249469
0.85,0.2,0.0,1466,13,1213,240,0,Step1_Guided_Confusion_Correction,Specialist_ML_Probability_Correction,Validation_Tuning,0.6399718177548145,0.6047225031155831,0.5686419202681424,0.5794376520703973,0.6381287651787825,0.6399718177548145,0.6384349743674614
0.85,0.2,0.25,1466,13,1213,240,0,Step1_Guided_Confusion_Correction,Specialist_ML_Probability_Correction,Validation_Tuning,0.6423203381869422,0.6065336330597306,0.5705907263866183,0.58126648560593,0.6402815832777878,0.6423203381869422,0.6406351275425489
0.85,0.2,0.5,1466,13,1213,240,0,Step1_Guided_Confusion_Correction,Specialist_ML_Probability_Correction,Validation_Tuning,0.6449037106622828,0.6081902525828567,0.5729271100781749,0.5830887317441796,0.6422135089313157,0.6449037106622828,0.6427234529290886
0.85,0.2,0.75,1466,13,1213,240,0,Step1_Guided_Confusion_Correction,Specialist_ML_Probability_Correction,Validation_Tuning,0.6449037106622828,0.6076235819373899,0.572657950449511,0.5822133342135043,0.6418156926714547,0.6449037106622828,0.6420692219744322
0.85,0.2,1.0,1466,13,1213,240,0,Step1_Guided_Confusion_Correction,Specialist_ML_Probability_Correction,Validation_Tuning,0.6456082667919211,0.6074196788172636,0.5725660752290562,0.5817854096823639,0.64230782582805,0.6456082667919211,0.6423865116249469
0.85,0.3,0.0,1466,13,1213,240,0,Step1_Guided_Confusion_Correction,Specialist_ML_Probability_Correction,Validation_Tuning,0.6399718177548145,0.6047225031155831,0.5686419202681424,0.5794376520703973,0.6381287651787825,0.6399718177548145,0.6384349743674614
0.85,0.3,0.25,1466,13,1213,240,0,Step1_Guided_Confusion_Correction,Specialist_ML_Probability_Correction,Validation_Tuning,0.6423203381869422,0.6065336330597306,0.5705907263866183,0.58126648560593,0.6402815832777878,0.6423203381869422,0.6406351275425489
0.85,0.3,0.5,1466,13,1213,240,0,Step1_Guided_Confusion_Correction,Specialist_ML_Probability_Correction,Validation_Tuning,0.6449037106622828,0.6081902525828567,0.5729271100781749,0.5830887317441796,0.6422135089313157,0.6449037106622828,0.6427234529290886
0.85,0.3,0.75,1466,13,1213,240,0,Step1_Guided_Confusion_Correction,Specialist_ML_Probability_Correction,Validation_Tuning,0.6449037106622828,0.6076235819373899,0.572657950449511,0.5822133342135043,0.6418156926714547,0.6449037106622828,0.6420692219744322
0.85,0.3,1.0,1466,13,1213,240,0,Step1_Guided_Confusion_Correction,Specialist_ML_Probability_Correction,Validation_Tuning,0.6456082667919211,0.6074196788172636,0.5725660752290562,0.5817854096823639,0.64230782582805,0.6456082667919211,0.6423865116249469
0.9,0.05,0.0,1566,15,1266,285,0,Step1_Guided_Confusion_Correction,Specialist_ML_Probability_Correction,Validation_Tuning,0.6402066697980272,0.6055244708759372,0.5688874432604462,0.5799899127470455,0.6386953232122123,0.6402066697980272,0.6388582800972111
0.9,0.05,0.25,1566,15,1266,285,0,Step1_Guided_Confusion_Correction,Specialist_ML_Probability_Correction,Validation_Tuning,0.6427900422733678,0.6071978413086271,0.5710553024609505,0.5818467531730677,0.6408577531711527,0.6427900422733678,0.6411711572712651
0.9,0.05,0.5,1566,15,1266,285,0,Step1_Guided_Confusion_Correction,Specialist_ML_Probability_Correction,Validation_Tuning,0.6453734147487084,0.6088550945071639,0.573391686152507,0.5836773343002034,0.6427920294973952,0.6453734147487084,0.6432680586673588
0.9,0.05,0.75,1566,15,1266,285,0,Step1_Guided_Confusion_Correction,Specialist_ML_Probability_Correction,Validation_Tuning,0.6449037106622828,0.6076235819373899,0.572657950449511,0.5822133342135043,0.6418156926714547,0.6449037106622828,0.6420692219744322
0.9,0.05,1.0,1566,15,1266,285,0,Step1_Guided_Confusion_Correction,Specialist_ML_Probability_Correction,Validation_Tuning,0.6456082667919211,0.6074196788172636,0.5725660752290562,0.5817854096823639,0.64230782582805,0.6456082667919211,0.6423865116249469
0.9,0.1,0.0,1566,15,1266,285,0,Step1_Guided_Confusion_Correction,Specialist_ML_Probability_Correction,Validation_Tuning,0.6402066697980272,0.6055244708759372,0.5688874432604462,0.5799899127470455,0.6386953232122123,0.6402066697980272,0.6388582800972111
0.9,0.1,0.25,1566,15,1266,285,0,Step1_Guided_Confusion_Correction,Specialist_ML_Probability_Correction,Validation_Tuning,0.6427900422733678,0.6071978413086271,0.5710553024609505,0.5818467531730677,0.6408577531711527,0.6427900422733678,0.6411711572712651
0.9,0.1,0.5,1566,15,1266,285,0,Step1_Guided_Confusion_Correction,Specialist_ML_Probability_Correction,Validation_Tuning,0.6453734147487084,0.6088550945071639,0.573391686152507,0.5836773343002034,0.6427920294973952,0.6453734147487084,0.6432680586673588
0.9,0.1,0.75,1566,15,1266,285,0,Step1_Guided_Confusion_Correction,Specialist_ML_Probability_Correction,Validation_Tuning,0.6449037106622828,0.6076235819373899,0.572657950449511,0.5822133342135043,0.6418156926714547,0.6449037106622828,0.6420692219744322
0.9,0.1,1.0,1566,15,1266,285,0,Step1_Guided_Confusion_Correction,Specialist_ML_Probability_Correction,Validation_Tuning,0.6456082667919211,0.6074196788172636,0.5725660752290562,0.5817854096823639,0.64230782582805,0.6456082667919211,0.6423865116249469
0.9,0.15,0.0,1566,15,1266,285,0,Step1_Guided_Confusion_Correction,Specialist_ML_Probability_Correction,Validation_Tuning,0.6402066697980272,0.6055244708759372,0.5688874432604462,0.5799899127470455,0.6386953232122123,0.6402066697980272,0.6388582800972111
0.9,0.15,0.25,1566,15,1266,285,0,Step1_Guided_Confusion_Correction,Specialist_ML_Probability_Correction,Validation_Tuning,0.6427900422733678,0.6071978413086271,0.5710553024609505,0.5818467531730677,0.6408577531711527,0.6427900422733678,0.6411711572712651
0.9,0.15,0.5,1566,15,1266,285,0,Step1_Guided_Confusion_Correction,Specialist_ML_Probability_Correction,Validation_Tuning,0.6453734147487084,0.6088550945071639,0.573391686152507,0.5836773343002034,0.6427920294973952,0.6453734147487084,0.6432680586673588
0.9,0.15,0.75,1566,15,1266,285,0,Step1_Guided_Confusion_Correction,Specialist_ML_Probability_Correction,Validation_Tuning,0.6449037106622828,0.6076235819373899,0.572657950449511,0.5822133342135043,0.6418156926714547,0.6449037106622828,0.6420692219744322
0.9,0.15,1.0,1566,15,1266,285,0,Step1_Guided_Confusion_Correction,Specialist_ML_Probability_Correction,Validation_Tuning,0.6456082667919211,0.6074196788172636,0.5725660752290562,0.5817854096823639,0.64230782582805,0.6456082667919211,0.6423865116249469
0.9,0.2,0.0,1566,15,1266,285,0,Step1_Guided_Confusion_Correction,Specialist_ML_Probability_Correction,Validation_Tuning,0.6402066697980272,0.6055244708759372,0.5688874432604462,0.5799899127470455,0.6386953232122123,0.6402066697980272,0.6388582800972111
0.9,0.2,0.25,1566,15,1266,285,0,Step1_Guided_Confusion_Correction,Specialist_ML_Probability_Correction,Validation_Tuning,0.6427900422733678,0.6071978413086271,0.5710553024609505,0.5818467531730677,0.6408577531711527,0.6427900422733678,0.6411711572712651
0.9,0.2,0.5,1566,15,1266,285,0,Step1_Guided_Confusion_Correction,Specialist_ML_Probability_Correction,Validation_Tuning,0.6453734147487084,0.6088550945071639,0.573391686152507,0.5836773343002034,0.6427920294973952,0.6453734147487084,0.6432680586673588
0.9,0.2,0.75,1566,15,1266,285,0,Step1_Guided_Confusion_Correction,Specialist_ML_Probability_Correction,Validation_Tuning,0.6449037106622828,0.6076235819373899,0.572657950449511,0.5822133342135043,0.6418156926714547,0.6449037106622828,0.6420692219744322
0.9,0.2,1.0,1566,15,1266,285,0,Step1_Guided_Confusion_Correction,Specialist_ML_Probability_Correction,Validation_Tuning,0.6456082667919211,0.6074196788172636,0.5725660752290562,0.5817854096823639,0.64230782582805,0.6456082667919211,0.6423865116249469
0.9,0.3,0.0,1566,15,1266,285,0,Step1_Guided_Confusion_Correction,Specialist_ML_Probability_Correction,Validation_Tuning,0.6402066697980272,0.6055244708759372,0.5688874432604462,0.5799899127470455,0.6386953232122123,0.6402066697980272,0.6388582800972111
0.9,0.3,0.25,1566,15,1266,285,0,Step1_Guided_Confusion_Correction,Specialist_ML_Probability_Correction,Validation_Tuning,0.6427900422733678,0.6071978413086271,0.5710553024609505,0.5818467531730677,0.6408577531711527,0.6427900422733678,0.6411711572712651
0.9,0.3,0.5,1566,15,1266,285,0,Step1_Guided_Confusion_Correction,Specialist_ML_Probability_Correction,Validation_Tuning,0.6453734147487084,0.6088550945071639,0.573391686152507,0.5836773343002034,0.6427920294973952,0.6453734147487084,0.6432680586673588
0.9,0.3,0.75,1566,15,1266,285,0,Step1_Guided_Confusion_Correction,Specialist_ML_Probability_Correction,Validation_Tuning,0.6449037106622828,0.6076235819373899,0.572657950449511,0.5822133342135043,0.6418156926714547,0.6449037106622828,0.6420692219744322
0.9,0.3,1.0,1566,15,1266,285,0,Step1_Guided_Confusion_Correction,Specialist_ML_Probability_Correction,Validation_Tuning,0.6456082667919211,0.6074196788172636,0.5725660752290562,0.5817854096823639,0.64230782582805,0.6456082667919211,0.6423865116249469
